	fh_affinity	fh_linkage	fh_nc	fh_maxari	maxari	sil_cosine_ari	sil_euclidean_ari
1	cosine	average	3	0.7531866350588183	0.4720836833305381	0.4720836833305381	0.4720836833305381
