	fh_affinity	fh_linkage	fh_nc	fh_maxari	maxari	sil_cosine_ari	sil_euclidean_ari
5	cosine	average	7	0.044158114642347514	0.07324065340402093	0.014613233225122974	0.030428933157758017
