	fh_affinity	fh_linkage	fh_nc	fh_maxari	maxari	sil_cosine_ari	sil_euclidean_ari
1	cosine	average	3	0.07999200405252468	0.12244318995565226	0.0693143594831536	0.07220815316154174
