	fh_affinity	fh_linkage	fh_nc	fh_maxari	maxari	sil_cosine_ari	sil_euclidean_ari
1	cosine	average	3	0.31367945937971514	0.43653915259564374	0.21556530545278335	0.23515416791424623
