	fh_affinity	fh_linkage	fh_nc	fh_maxari	maxari	sil_cosine_ari	sil_euclidean_ari
1	cosine	average	3	0.01453923812205422	0.05091996830566459	0.010320613608162357	0.010325741630471353
