word	ari	nc	sil_cosine	sil_euclidean	vc	affinity	linkage
argument	0.18882523642454307	4	0.18851043804926865	0.1031967153119664	22/17/10/1	cosine	average
interest	0.3020393744753425	7	0.18262089361944459	0.10649442589714217	17/15/8/4/3/2/1	cosine	average
paper	0.3759915003856846	3	0.21235351114714857	0.11742154602113157	20/12/10/4/3/1	cosine	average
