word	ari	nc	sil_cosine	sil_euclidean	vc	affinity	linkage
бог	-0.06723573625433792	3	0.14348025673457307	0.07574580796791867	31/2/1	cosine	average
время	0.07724425887265135	5	0.1323567135680694	0.07159336208991046	14/11/4/2/2/2	cosine	average
год	0.23132530120481928	4	0.20081385584139122	0.11212770954332181	22/6/5	cosine	average
голова	0.8590158755232604	3	0.09529275507087799	0.05121011757033619	22/11/1/1	cosine	average
город	-0.047310434219053794	3	0.06914940419500534	0.035790560135188304	31/1	cosine	average
государство	-0.06804484017070649	2	0.0796299959805389	0.04085823583827563	33/1/1	cosine	average
дело	0.018491546836400505	4	0.05975950109196306	0.03133199068331304	7/6/6/3/3/2/2/2/2/1/1	cosine	average
день	0.15447971433185595	4	0.13399501799845276	0.06672657691682335	25/2/2/2/1	cosine	average
друг	0.41636785718178154	4	0.17447608746229923	0.11962225734813582	26/8/1	cosine	average
жена	-0.04390360295872107	3	0.09376097820551108	0.049762790937036665	34/1	cosine	average
женщина	0.0	3	0.12908169301092445	0.07077115554804163	35	cosine	average
жизнь	0.07434296500653405	4	0.08444257604713752	0.04515136804246192	27/6/1/1	cosine	average
лицо	0.7171605133893202	4	0.09513902298520764	0.052440312383316735	23/11/1	cosine	average
место	0.2767464289586769	3	0.08119641342439506	0.04326027113444663	25/6/3/1	cosine	average
мир	0.17829916818246846	3	0.062491621235348495	0.034251336446348445	25/4/3/1/1	cosine	average
ночь	0.0	3	0.11721812678613956	0.0629369060317397	35	cosine	average
работа	0.16558249556475457	3	0.06677132503367027	0.03591479422360533	20/7/4/3/1	cosine	average
результат	-0.06607897943094675	2	0.11247276344331654	0.055591832392663756	33/2	cosine	average
рука	0.14525966519465822	4	0.090163923254927	0.048155097944315724	33/1/1	cosine	average
сила	0.2562215805189063	3	0.08193233602422403	0.04253485434840785	15/10/6/2/1/1	cosine	average
слово	-0.01939075288024581	3	0.07958980683060468	0.04332559469918664	19/15/1	cosine	average
сторона	0.4396784381280505	3	0.10759431442097174	0.05652023167522485	25/4/3/2/1	cosine	average
тысяча	0.2469209081466093	2	0.07722486213671495	0.03645560686429118	29/5/1	cosine	average
человек	-0.025116429321344926	6	0.09647861301116221	0.06074469678676549	33/1/1	cosine	average
