	fh_affinity	fh_linkage	fh_nc	fh_maxari	maxari	sil_cosine_ari	sil_euclidean_ari
2	cosine	average	4	0.25106108044933856	0.16333566424189128	0.16333566424189128	0.16333566424189128
