	fh_affinity	fh_linkage	fh_nc	fh_maxari	maxari	sil_cosine_ari	sil_euclidean_ari
2	cosine	average	4	0.25708855439787737	0.1578844771845769	0.1578844771845769	0.1578844771845769
