words	variation	selfsim	frequency	num_senses
замок	0.2607599359840008	4701.635	82.68848419189453	2
лук	0.1572167013324827	3187.983	28.050031661987305	3
суда	0.11279938839413729	6484.6636	43.41924285888672	0
бор	0.1621641033376906	918.41656	7.708123683929443	2
