	fh_affinity	fh_linkage	fh_nc	fh_maxari	maxari	sil_cosine_ari	sil_euclidean_ari
2	cosine	average	4	0.21906768160740991	0.2067649874894693	0.2067649874894693	0.20409218254160819
