	fh_affinity	fh_linkage	fh_nc	fh_maxari	maxari	sil_cosine_ari	sil_euclidean_ari
2	cosine	average	4	0.225044697214584	0.20716441958595813	0.20716441958595813	0.20420371883989694
