	fh_affinity	fh_linkage	fh_nc	fh_maxari	maxari	sil_cosine_ari	sil_euclidean_ari
1	cosine	average	3	0.08858890719113681	0.05608458005862255	0.05608458005862255	0.05945740615606848
