	fh_affinity	fh_linkage	fh_nc	fh_maxari	maxari	sil_cosine_ari	sil_euclidean_ari
1	cosine	average	3	0.0955577319261131	0.05954241899977813	0.05954241899977813	0.05837278599399879
