word	ari	nc	sil_cosine	sil_euclidean	vc	affinity	linkage
argument	0.24939773427089781	10	0.12171812505869911	0.06678802120632142	22/17/10/1	cosine	average
interest	0.34115389364289106	10	0.17412507806042515	0.10135812535091102	17/15/8/4/3/2/1	cosine	average
paper	0.387027027027027	10	0.16787724164342893	0.09319788121937346	20/12/10/4/3/1	cosine	average
