word	ari	nc	sil_cosine	sil_euclidean	vc	affinity	linkage
argument	0.15292113607232005	10	0.20231775132125077	0.11134391089148948	22/17/10/1	cosine	average
interest	0.21137760630852095	10	0.11474974107955432	0.06182224094328815	17/15/8/4/3/2/1	cosine	average
paper	0.22783006648821344	10	0.15527365998215314	0.08595841676648039	20/12/10/4/3/1	cosine	average
