word	ari	nc	sil_cosine	sil_euclidean	vc	affinity	linkage
argument	0.15292113607232005	10	0.20313863005999394	0.11146455653363396	22/17/10/1	cosine	average
interest	0.21137760630852095	10	0.11648661455775193	0.06266141519926288	17/15/8/4/3/2/1	cosine	average
paper	0.2143324607329843	10	0.15478422672945036	0.08513806633521127	20/12/10/4/3/1	cosine	average
