	fh_affinity	fh_linkage	fh_nc	fh_maxari	maxari	sil_cosine_ari	sil_euclidean_ari
0	cosine	average	10	0.3320608859660643	0.3320608859660643	0.3320608859660643	0.3320608859660643
