	fh_affinity	fh_linkage	fh_nc	fh_maxari	maxari	sil_cosine_ari	sil_euclidean_ari
2	cosine	average	4	0.18006252710270162	0.10939365415629713	0.10939365415629713	0.1581244365159322
