	fh_affinity	fh_linkage	fh_nc	fh_maxari	maxari	sil_cosine_ari	sil_euclidean_ari
0	cosine	average	2	0.02004756772776868	0.027639323390542578	0.027639323390542578	0.009435533255570101
