	fh_affinity	fh_linkage	fh_nc	fh_maxari	maxari	sil_cosine_ari	sil_euclidean_ari
2	cosine	average	4	0.1605925093649289	0.11346715057935326	0.11346715057935326	0.11337618920417565
