	fh_affinity	fh_linkage	fh_nc	fh_maxari	maxari	sil_cosine_ari	sil_euclidean_ari
1	cosine	average	3	0.5118424279950673	0.4863452615228016	0.4863452615228016	0.48338024345533787
