	fh_affinity	fh_linkage	fh_nc	fh_maxari	maxari	sil_cosine_ari	sil_euclidean_ari
1	cosine	average	3	0.5166514538623352	0.5156034144802829	0.5156034144802829	0.5131642180606145
