	fh_affinity	fh_linkage	fh_nc	fh_maxari	maxari	sil_cosine_ari	sil_euclidean_ari
1	cosine	average	3	0.7407083782043191	0.8539707730410496	0.4922522503483533	0.4922522503483533
