	fh_affinity	fh_linkage	fh_nc	fh_maxari	maxari	sil_cosine_ari	sil_euclidean_ari
6	cosine	average	8	0.24349133845675747	0.2673323809312253	0.22231160687530654	0.22231160687530654
