	fh_affinity	fh_linkage	fh_nc	fh_maxari	maxari	sil_cosine_ari	sil_euclidean_ari
0	cosine	average	2	0.8471898798664952	0.8595725665758591	0.4654701658458666	0.4654701658458666
