	fh_affinity	fh_linkage	fh_nc	fh_maxari	maxari	sil_cosine_ari	sil_euclidean_ari
1	cosine	average	1	0.3333333333333333	0.1183312579987987	0.1183312579987987	0.1183312579987987
