	fh_affinity	fh_linkage	fh_nc	fh_maxari	maxari	sil_cosine_ari	sil_euclidean_ari
2	cosine	average	2	0.3549253305055965	0.13177376851572298	0.13177376851572298	0.13177376851572298
