word	ari	nc	sil_cosine	sil_euclidean	vc	affinity	linkage
argument	0.0	1	-1.0	-1.0	22/17/10/1	cosine	average
interest	0.022938757844622376	2	0.09526064923343552	0.05079848902545891	17/15/8/4/3/2/1	cosine	average
paper	0.20602007607486647	3	0.0814122729445787	0.044801188422773155	20/12/10/4/3/1	cosine	average
