	fh_affinity	fh_linkage	fh_nc	fh_maxari	maxari	sil_cosine_ari	sil_euclidean_ari
2	cosine	average	3	0.20602007607486647	0.07631961130649628	0.07631961130649628	0.07631961130649628
