	fh_affinity	fh_linkage	fh_nc	fh_maxari	maxari	sil_cosine_ari	sil_euclidean_ari
2	cosine	average	3	0.2564849017480741	0.09314121986423214	0.09314121986423214	0.09314121986423214
