word	ari	nc	sil_cosine	sil_euclidean	vc	affinity	linkage
argument	0.0	1	-1.0	-1.0	22/17/10/1	cosine	average
interest	0.022938757844622376	2	0.09334815500722639	0.0501517228384871	17/15/8/4/3/2/1	cosine	average
paper	0.2564849017480741	3	0.08374762515138962	0.04506680419454854	20/12/10/4/3/1	cosine	average
