word	ari	nc	sil_cosine	sil_euclidean	vc	affinity	linkage
argument	0.0	1	-1.0	-1.0	22/17/10/1	cosine	average
interest	0.07388972420250506	2	0.17509118511798394	0.10187968491992175	17/15/8/4/3/2/1	cosine	average
paper	0.3759915003856846	3	0.21235351114714857	0.11742154602113157	20/12/10/4/3/1	cosine	average
