word	ari	nc	sil_cosine	sil_euclidean	vc	affinity	linkage
argument	0.0	1	-1.0	-1.0	22/17/10/1	cosine	average
interest	0.09859062315060386	2	0.13477445942313873	0.07469748472557149	17/15/8/4/3/2/1	cosine	average
paper	0.3759915003856846	3	0.2132353271968665	0.11743106098662649	20/12/10/4/3/1	cosine	average
