	fh_affinity	fh_linkage	fh_nc	fh_maxari	maxari	sil_cosine_ari	sil_euclidean_ari
1	cosine	average	3	0.22952937899312512	0.23562308512720131	0.1591556063980013	0.1591556063980013
