	fh_affinity	fh_linkage	fh_nc	fh_maxari	maxari	sil_cosine_ari	sil_euclidean_ari
0	cosine	average	2	0.2339242958095893	0.269625608674181	0.15988291771690002	0.21658603874869586
