	fh_affinity	fh_linkage	fh_nc	fh_maxari	maxari	sil_cosine_ari	sil_euclidean_ari
5	cosine	average	7	0.12148471135205366	0.13971623591260451	0.051167293639368366	0.051167293639368366
