	fh_affinity	fh_linkage	fh_nc	fh_maxari	maxari	sil_cosine_ari	sil_euclidean_ari
4	cosine	average	6	0.6218909968222084	0.7526773436940682	0.09823329608308298	0.20039591968552944
