	fh_affinity	fh_linkage	fh_nc	fh_maxari	maxari	sil_cosine_ari	sil_euclidean_ari
3	cosine	average	5	0.11793558906774596	0.17167628078770863	0.10783961620776011	0.10783961620776011
