	fh_affinity	fh_linkage	fh_nc	fh_maxari	maxari	sil_cosine_ari	sil_euclidean_ari
4	cosine	average	6	0.2539803982146864	0.26072657126931365	0.03338904017569913	0.017041532716912097
