	fh_affinity	fh_linkage	fh_nc	fh_maxari	maxari	sil_cosine_ari	sil_euclidean_ari
6	cosine	average	8	0.12850530656214393	0.16646382290870837	0.013447409577504066	0.013447409577504066
