	fh_affinity	fh_linkage	fh_nc	fh_maxari	maxari	sil_cosine_ari	sil_euclidean_ari
1	cosine	average	3	0.22952937899312512	0.2318479667891497	0.1591556063980013	0.21535234244444162
