	fh_affinity	fh_linkage	fh_nc	fh_maxari	maxari	sil_cosine_ari	sil_euclidean_ari
7	cosine	average	9	0.1535671303871388	0.18296246637477848	0.06414531695028085	0.06414531695028085
