	fh_affinity	fh_linkage	fh_nc	fh_maxari	maxari	sil_cosine_ari	sil_euclidean_ari
4	cosine	average	6	0.19577265194155666	0.21180491209096464	0.021945783341272403	0.021945783341272403
