	fh_affinity	fh_linkage	fh_nc	fh_maxari	maxari	sil_cosine_ari	sil_euclidean_ari
2	cosine	average	4	0.2589104876938754	0.2823145786291146	0.2823145786291146	0.27671096192105366
