	fh_affinity	fh_linkage	fh_nc	fh_maxari	maxari	sil_cosine_ari	sil_euclidean_ari
2	cosine	average	4	0.2555737312540115	0.2760359077942412	0.2760359077942412	0.27543178107719696
