	fh_affinity	fh_linkage	fh_nc	fh_maxari	maxari	sil_cosine_ari	sil_euclidean_ari
3	cosine	average	5	0.3115250599720976	0.2889520370951901	0.2889520370951901	0.2889520370951901
