word	ari	nc	sil_cosine	sil_euclidean	vc	affinity	linkage
argument	0.15932746196957567	9	0.20688901692173844	0.11400003167211567	22/17/10/1	cosine	average
interest	0.11522023432338785	6	0.114170863388699	0.06147059451501663	17/15/8/4/3/2/1	cosine	average
paper	0.21891604675876727	9	0.15923148485439864	0.08812565333372337	20/12/10/4/3/1	cosine	average
