word	ari	nc	sil_cosine	sil_euclidean	vc	affinity	linkage
argument	0.15932746196957567	9	0.2072549297751654	0.11403737581739203	22/17/10/1	cosine	average
interest	0.11522023432338785	6	0.11407722495347315	0.06137793181914271	17/15/8/4/3/2/1	cosine	average
paper	0.22291296625222023	9	0.14959016011345272	0.0827242068171531	20/12/10/4/3/1	cosine	average
