	fh_affinity	fh_linkage	fh_nc	fh_maxari	maxari	sil_cosine_ari	sil_euclidean_ari
7	cosine	average	9	0.20717238423612236	0.16582022084839457	0.16582022084839457	0.16582022084839457
