	fh_affinity	fh_linkage	fh_nc	fh_maxari	maxari	sil_cosine_ari	sil_euclidean_ari
7	cosine	average	9	0.2058400777383047	0.16448791435057694	0.16448791435057694	0.16448791435057694
