	fh_affinity	fh_linkage	fh_nc	fh_maxari	maxari	sil_cosine_ari	sil_euclidean_ari
7	cosine	average	9	0.3043733795110439	0.27669831081496343	0.27669831081496343	0.27669831081496343
