	fh_affinity	fh_linkage	fh_nc	fh_maxari	maxari	sil_cosine_ari	sil_euclidean_ari
5	cosine	average	5	0.27589146251377794	0.1904880705165652	0.1904880705165652	0.1904880705165652
