	fh_affinity	fh_linkage	fh_nc	fh_maxari	maxari	sil_cosine_ari	sil_euclidean_ari
5	cosine	average	5	0.11832607161762256	0.08545681461818962	0.08545681461818962	0.08545681461818962
