	fh_affinity	fh_linkage	fh_nc	fh_maxari	maxari	sil_cosine_ari	sil_euclidean_ari
3	cosine	average	3	0.10657037966062438	0.08054860435094288	0.08054860435094288	0.08054860435094288
