	fh_affinity	fh_linkage	fh_nc	fh_maxari	maxari	sil_cosine_ari	sil_euclidean_ari
6	cosine	average	6	0.29906542056074764	0.13896298746424904	0.13896298746424904	0.13896298746424904
