	fh_affinity	fh_linkage	fh_nc	fh_maxari	maxari	sil_cosine_ari	sil_euclidean_ari
1	cosine	average	4	0.25449370880766925	0.05805256358686634	0.05805256358686634	0.05805256358686634
