	fh_affinity	fh_linkage	fh_nc	fh_maxari	maxari	sil_cosine_ari	sil_euclidean_ari
1	cosine	average	4	0.2569940752942427	0.05733454104144326	0.05733454104144326	0.05733454104144326
