	fh_affinity	fh_linkage	fh_nc	fh_maxari	maxari	sil_cosine_ari	sil_euclidean_ari
3	cosine	average	4	0.8155491178095905	0.2038310524122905	0.2038310524122905	0.2038310524122905
