	fh_affinity	fh_linkage	fh_nc	fh_maxari	maxari	sil_cosine_ari	sil_euclidean_ari
3	cosine	average	4	0.7917168342260927	0.21119454255251408	0.21119454255251408	0.21119454255251408
