	fh_affinity	fh_linkage	fh_nc	fh_maxari	maxari	sil_cosine_ari	sil_euclidean_ari
1	cosine	average	3	0.18205378119308444	0.298731767382402	0.12002469427989475	0.12121721102177813
