	fh_affinity	fh_linkage	fh_nc	fh_maxari	maxari	sil_cosine_ari	sil_euclidean_ari
1	cosine	average	3	0.7320577765682399	0.7881854117666208	0.7881854117666208	0.7977908368754623
