	fh_affinity	fh_linkage	fh_nc	fh_maxari	maxari	sil_cosine_ari	sil_euclidean_ari
0	cosine	average	0	0.3333333333333333	0.15114653735719044	0.15114653735719044	0.15114653735719044
