	fh_affinity	fh_linkage	fh_nc	fh_maxari	maxari	sil_cosine_ari	sil_euclidean_ari
2	cosine	average	4	0.7350861237244269	0.5313074129685649	0.5313074129685649	0.5313074129685649
