	fh_affinity	fh_linkage	fh_nc	fh_maxari	maxari	sil_cosine_ari	sil_euclidean_ari
0	cosine	average	10	0.32585955164693864	0.32585955164693864	0.32585955164693864	0.32585955164693864
