	fh_affinity	fh_linkage	fh_nc	fh_maxari	maxari	sil_cosine_ari	sil_euclidean_ari
1	cosine	average	6	0.39085246391326883	0.2939056916043848	0.2939056916043848	0.2939056916043848
