	fh_affinity	fh_linkage	fh_nc	fh_maxari	maxari	sil_cosine_ari	sil_euclidean_ari
2	cosine	average	4	0.004259530635367498	-0.008087986087750436	-0.008087986087750436	-0.008131682839672196
