	fh_affinity	fh_linkage	fh_nc	fh_maxari	maxari	sil_cosine_ari	sil_euclidean_ari
4	cosine	average	6	0.18722232478335096	0.13930082831404678	0.13930082831404678	0.13930082831404678
