	fh_affinity	fh_linkage	fh_nc	fh_maxari	maxari	sil_cosine_ari	sil_euclidean_ari
4	cosine	average	6	0.18150677260035342	0.11660405173491854	0.11660405173491854	0.11660405173491854
