	fh_affinity	fh_linkage	fh_nc	fh_maxari	maxari	sil_cosine_ari	sil_euclidean_ari
0	cosine	average	2	0.017183793543138832	0.007489662746782234	0.007489662746782234	0.007489662746782234
