	fh_affinity	fh_linkage	fh_nc	fh_maxari	maxari	sil_cosine_ari	sil_euclidean_ari
0	cosine	average	2	0.019623384132774663	0.013060668421012542	0.013060668421012542	0.013060668421012542
