	fh_affinity	fh_linkage	fh_nc	fh_maxari	maxari	sil_cosine_ari	sil_euclidean_ari
2	cosine	average	4	0.0040781693027285145	0.003200136301569204	0.003200136301569204	-0.002659745453367846
