	fh_affinity	fh_linkage	fh_nc	fh_maxari	maxari	sil_cosine_ari	sil_euclidean_ari
2	cosine	average	4	0.03129870772881375	0.01390204674991547	0.01390204674991547	0.012707201982028878
