	fh_affinity	fh_linkage	fh_nc	fh_maxari	maxari	sil_cosine_ari	sil_euclidean_ari
2	cosine	average	4	0.7067075258510328	0.51973700311745	0.51973700311745	0.51973700311745
