words	variation	selfsim	frequency	num_senses
argument	0.54150901174986	1322.0007	0.0	7
interest	0.46811055768184956	1326.724	0.0	7
paper	0.4707335922471938	1365.2684	0.0	7
