	fh_affinity	fh_linkage	fh_nc	fh_maxari	maxari	sil_cosine_ari	sil_euclidean_ari
0	cosine	average	2	0.10328339693557964	0.059915587992635855	0.059915587992635855	0.06014355543156556
