	fh_affinity	fh_linkage	fh_nc	fh_maxari	maxari	sil_cosine_ari	sil_euclidean_ari
4	cosine	average	6	0.10886044976110582	0.0752284357975608	0.0752284357975608	0.07370054344542956
