	fh_affinity	fh_linkage	fh_nc	fh_maxari	maxari	sil_cosine_ari	sil_euclidean_ari
2	cosine	average	4	0.09074954491684263	0.05411486880094914	0.05411486880094914	0.06157673164035649
