	fh_affinity	fh_linkage	fh_nc	fh_maxari	maxari	sil_cosine_ari	sil_euclidean_ari
4	cosine	average	6	0.11042062663408718	0.07512749298343972	0.07512749298343972	0.07512749298343972
