	fh_affinity	fh_linkage	fh_nc	fh_maxari	maxari	sil_cosine_ari	sil_euclidean_ari
0	cosine	average	3	0.6943059564418788	0.5122622835190216	0.5122622835190216	0.5122622835190216
