	fh_affinity	fh_linkage	fh_nc	fh_maxari	maxari	sil_cosine_ari	sil_euclidean_ari
2	cosine	average	3	0.3759915003856846	0.1499604081960632	0.1499604081960632	0.1499604081960632
