	fh_affinity	fh_linkage	fh_nc	fh_maxari	maxari	sil_cosine_ari	sil_euclidean_ari
2	cosine	average	4	0.38080108484428526	0.4818776878004324	0.24246444847353912	0.24246444847353912
