	fh_affinity	fh_linkage	fh_nc	fh_maxari	maxari	sil_cosine_ari	sil_euclidean_ari
4	cosine	average	6	0.04202396868084581	0.07494096754802705	0.014662452265089772	0.01132655920726607
