	fh_affinity	fh_linkage	fh_nc	fh_maxari	maxari	sil_cosine_ari	sil_euclidean_ari
2	cosine	average	4	0.08497440257051295	0.12497338469217584	0.07117979070041304	0.07179179111200791
