	fh_affinity	fh_linkage	fh_nc	fh_maxari	maxari	sil_cosine_ari	sil_euclidean_ari
1	cosine	average	3	0.08924410445844076	0.13306785863876283	0.07021614522602962	0.07035382677084548
