	fh_affinity	fh_linkage	fh_nc	fh_maxari	maxari	sil_cosine_ari	sil_euclidean_ari
7	cosine	average	9	0.01631303094353195	0.057325098788714356	0.016351876360284925	0.018564705633474118
