	fh_affinity	fh_linkage	fh_nc	fh_maxari	maxari	sil_cosine_ari	sil_euclidean_ari
2	cosine	average	4	0.08135772561233215	0.11273549064057917	0.07151662294225182	0.06956667662524106
