	fh_affinity	fh_linkage	fh_nc	fh_maxari	maxari	sil_cosine_ari	sil_euclidean_ari
5	cosine	average	5	0.2751407401142202	0.20292472860170932	0.20292472860170932	0.20292472860170932
