	fh_affinity	fh_linkage	fh_nc	fh_maxari	maxari	sil_cosine_ari	sil_euclidean_ari
3	cosine	average	5	0.2632257313234232	0.36328267587933855	0.20151610862843322	0.2201931729736644
