	fh_affinity	fh_linkage	fh_nc	fh_maxari	maxari	sil_cosine_ari	sil_euclidean_ari
2	cosine	average	4	0.08156471394458666	0.12146812312533621	0.0698867013522967	0.06711335093642723
