	fh_affinity	fh_linkage	fh_nc	fh_maxari	maxari	sil_cosine_ari	sil_euclidean_ari
1	cosine	average	3	0.08186201094405024	0.11722106607459969	0.07076752639955775	0.06740737548331102
