	fh_affinity	fh_linkage	fh_nc	fh_maxari	maxari	sil_cosine_ari	sil_euclidean_ari
2	cosine	average	4	0.07134993428920931	0.10726590335233861	0.0561551724811235	0.05295765339633422
