	fh_affinity	fh_linkage	fh_nc	fh_maxari	maxari	sil_cosine_ari	sil_euclidean_ari
0	cosine	average	2	0.03852247746315127	0.07407814002272949	0.02485590237555002	0.024778694024581896
