	fh_affinity	fh_linkage	fh_nc	fh_maxari	maxari	sil_cosine_ari	sil_euclidean_ari
7	cosine	average	9	0.13326853922524473	0.1912726083309494	0.030100895816453144	0.039029147611475946
