	fh_affinity	fh_linkage	fh_nc	fh_maxari	maxari	sil_cosine_ari	sil_euclidean_ari
3	cosine	average	5	0.26630738895489686	0.3579403229116404	0.17481304322074573	0.17481304322074573
